TrainingID,UserID,Course ID,Status,CompletionPercentage,StartDate,FinishDate,LastUpdated
9560406515,1,9210378202,2,32,5/25/2005,5/8/2016,7/28/2022
7419528292,2,4772909621,1,69,8/16/2011,3/15/2021,7/28/2022
2433814049,3,9582464321,0,30,9/9/2006,3/12/2021,7/28/2022
6029946900,4,8794069352,2,56,5/7/2006,7/22/2013,7/28/2022
2900152666,5,8939238400,1,79,11/30/2005,2/7/2020,7/28/2022
3409014659,6,5218215422,2,95,2/24/2000,9/12/2021,7/28/2022
5029927220,7,4508205062,0,93,10/4/2011,9/6/2014,7/28/2022
215018192,8,1419189395,1,13,2/16/2006,1/27/2017,7/28/2022
1002455405,9,4288824192,1,73,8/18/2003,11/21/2020,7/28/2022
9472819370,10,8988652754,0,12,10/24/2006,12/5/2021,7/28/2022
9899070173,11,528989839,1,97,2/4/2004,12/30/2015,7/28/2022
8395780087,12,125001061,1,70,1/28/2007,8/10/2014,7/28/2022
6902034893,13,5616983764,1,48,12/24/2009,1/12/2014,7/28/2022
5629895524,14,5140139847,0,58,4/27/2001,3/26/2017,7/28/2022
2146397888,15,2628781719,0,11,9/19/2004,5/14/2019,7/28/2022
863838545,16,5308677352,2,9,10/8/2009,8/25/2018,7/28/2022
9431320274,17,729460983,1,49,3/31/2003,9/2/2018,7/28/2022
7340786155,18,3969074010,0,30,2/19/2001,4/11/2018,7/28/2022
1274266734,19,5825191933,1,16,3/24/2002,1/10/2020,7/28/2022
2704712743,20,3491858496,1,77,12/4/2001,5/31/2022,7/28/2022
8683007154,21,5658698448,0,18,10/11/2012,4/30/2022,7/28/2022
424590700,22,7908649491,0,57,11/17/2012,5/12/2013,7/28/2022
4031123914,23,1353565076,2,42,7/28/2009,2/20/2014,7/28/2022
9707246340,24,7215587797,1,72,7/20/2008,1/13/2015,7/28/2022
9075318146,25,3225186082,0,70,3/19/2004,7/18/2014,7/28/2022
3984127979,26,2585130606,1,50,5/24/2003,1/17/2018,7/28/2022
6901465076,27,1610032950,0,65,9/12/2002,9/9/2013,7/28/2022
5116720659,28,4256142282,2,4,8/4/2001,12/6/2016,7/28/2022
152241329,29,2768363669,0,12,1/3/2008,7/7/2016,7/28/2022
733336108,30,9817849945,2,51,7/8/2004,3/13/2016,7/28/2022
1694516776,31,2025718144,1,9,2/23/2010,9/12/2013,7/28/2022
6305578001,32,8271004921,2,54,5/10/2011,3/14/2020,7/28/2022
4954866,33,1676290125,2,84,7/20/2005,4/5/2014,7/28/2022
2546051563,34,7876758134,2,100,6/25/2001,4/6/2018,7/28/2022
9164772241,35,774967188,2,32,11/16/2008,9/4/2017,7/28/2022
9203365478,36,8268671750,2,51,2/20/2010,2/4/2018,7/28/2022
6623726705,37,9225584210,0,52,10/18/2007,5/26/2017,7/28/2022
2531186212,38,9436188862,1,4,2/2/2011,6/13/2017,7/28/2022
8898191928,39,3621227180,2,73,11/6/2002,8/1/2018,7/28/2022
7537263876,40,8598410691,0,79,10/7/2012,6/3/2022,7/28/2022
4189299030,41,8374403217,0,83,7/19/2004,11/26/2014,7/28/2022
4851998066,42,9635321309,1,85,4/28/2005,7/6/2015,7/28/2022
8704992997,43,8501186821,0,74,3/16/2012,8/17/2018,7/28/2022
9504866352,44,7672234323,2,58,4/22/2004,11/30/2017,7/28/2022
5865535706,45,839100000,1,86,12/7/2001,10/30/2017,7/28/2022
2819246648,46,3853990924,1,72,1/21/2004,11/11/2020,7/28/2022
5215332010,47,9995989506,0,69,2/10/2006,4/7/2018,7/28/2022
6995678559,48,9055875953,2,31,4/22/2004,2/4/2014,7/28/2022
8256262931,49,5856904680,2,90,10/10/2010,9/5/2019,7/28/2022
7112540437,50,7373344135,2,59,1/1/2005,12/31/2019,7/28/2022
9315571002,51,6087390049,0,42,9/27/2000,1/7/2022,7/28/2022
5940207189,52,5279971839,0,76,12/12/2006,3/11/2021,7/28/2022
842904964,53,3517839477,0,67,10/24/2002,8/30/2018,7/28/2022
2171710233,54,4351188499,0,68,6/18/2006,4/29/2018,7/28/2022
7612162504,55,907597351,1,8,3/25/2004,6/4/2020,7/28/2022
165715634,56,652189466,0,43,7/14/2003,11/17/2013,7/28/2022
405359217,57,3673668315,2,50,12/27/2001,1/31/2022,7/28/2022
2620085632,58,7108983095,2,26,3/30/2002,3/10/2022,7/28/2022
3913701648,59,292540477,1,81,9/8/2003,12/18/2019,7/28/2022
1403388741,60,5526641872,0,99,9/27/2009,5/22/2018,7/28/2022
9798726820,61,5291626046,1,94,2/28/2012,11/2/2014,7/28/2022
5172187189,62,4906486797,0,76,2/24/2000,3/21/2017,7/28/2022
7450429799,63,7135789962,1,14,11/1/2006,7/24/2016,7/28/2022
4451980828,64,582741653,2,83,3/16/2001,1/10/2018,7/28/2022
9675491914,65,2459010818,1,82,10/17/2007,3/21/2021,7/28/2022
4513319895,66,6842902339,1,63,1/14/2004,9/3/2017,7/28/2022
7770914353,67,1752146131,1,91,10/6/2011,8/14/2017,7/28/2022
146272250,68,6756720244,2,67,11/12/2012,7/5/2022,7/28/2022
8522160821,69,9713486951,2,63,5/11/2005,8/17/2014,7/28/2022
9442768719,70,8630147121,1,24,9/11/2011,6/25/2017,7/28/2022
1339104938,71,537911588,0,38,1/10/2012,10/5/2013,7/28/2022
9741596049,72,1106639642,0,73,9/19/2004,12/17/2021,7/28/2022
9826259365,73,8465420092,1,76,2/16/2002,8/23/2016,7/28/2022
1579597777,74,5875528265,2,86,10/13/2005,4/21/2017,7/28/2022
4630373187,75,2445815061,0,33,10/30/2012,5/18/2017,7/28/2022
5417829404,76,8743558283,0,64,12/25/2002,8/19/2016,7/28/2022
1375386433,77,908546750,0,84,4/9/2006,2/3/2021,7/28/2022
223257877,78,4213359743,1,16,7/6/2005,3/10/2021,7/28/2022
6898399829,79,537621261,1,56,7/3/2012,1/22/2020,7/28/2022
1078099448,80,7443738501,1,76,11/26/2012,3/11/2016,7/28/2022
6039864982,81,7918981766,0,48,2/15/2007,8/5/2018,7/28/2022
3071066538,82,5040075936,2,86,3/1/2011,10/2/2021,7/28/2022
9296446899,83,5357098859,2,80,10/12/2002,4/30/2013,7/28/2022
5271072924,84,4354251620,0,7,9/17/2000,4/26/2015,7/28/2022
5486635338,85,6164636914,1,48,5/8/2003,8/20/2017,7/28/2022
599578734,86,7063996045,1,60,1/27/2008,5/20/2018,7/28/2022
9615783161,87,4484100622,2,1,10/3/2001,7/7/2017,7/28/2022
9706458565,88,7437104040,1,4,8/26/2007,8/13/2021,7/28/2022
971415358,89,8397094156,0,92,7/17/2007,2/15/2017,7/28/2022
7026103768,90,6596581098,1,48,6/7/2006,3/1/2013,7/28/2022
6416263149,91,7410570245,2,43,2/10/2003,7/10/2022,7/28/2022
6308444502,92,2264974214,2,19,5/22/2011,10/29/2013,7/28/2022
3043747194,93,6096891144,1,84,5/25/2004,12/21/2013,7/28/2022
788426664,94,8686135994,0,5,8/29/2006,10/31/2015,7/28/2022
7583487706,95,7882461547,2,64,9/25/2008,3/11/2018,7/28/2022
505318881,96,2913286968,1,61,1/11/2011,11/5/2018,7/28/2022
1821749588,97,9870333621,0,8,12/25/2005,4/22/2013,7/28/2022
7866014523,98,4275937228,2,28,4/15/2002,11/12/2017,7/28/2022
5195191611,99,5196618457,2,83,3/24/2002,1/9/2019,7/28/2022
1793123179,100,5333406944,1,71,9/2/2002,9/20/2014,7/28/2022
2534765965,101,2452292931,1,5,4/12/2006,3/3/2015,7/28/2022
8860999359,102,9702921953,0,60,11/8/2000,8/19/2018,7/28/2022
5770338237,103,7573961367,2,35,8/9/2011,9/29/2021,7/28/2022
6127547261,104,6448794972,2,90,1/17/2012,4/2/2018,7/28/2022
6474307536,105,3046041349,2,58,2/12/2008,5/16/2019,7/28/2022
4850781004,106,6728835288,0,36,2/28/2001,5/7/2019,7/28/2022
6457465013,107,9294344916,0,9,2/8/2010,5/2/2019,7/28/2022
2331666326,108,8291776210,0,64,9/3/2008,1/14/2022,7/28/2022
107899159,109,1724205692,2,73,3/9/2000,6/9/2022,7/28/2022
2803794519,110,1851962174,0,31,6/3/2010,4/7/2014,7/28/2022
710905564,111,9641968149,2,69,9/28/2007,3/25/2018,7/28/2022
1526398230,112,1745605169,1,37,4/30/2009,3/14/2015,7/28/2022
1252131232,113,4011600733,0,41,11/12/2004,12/12/2018,7/28/2022
5518406339,114,7903889621,0,59,4/8/2005,9/11/2014,7/28/2022
63286467,115,6408159664,2,43,1/17/2004,4/4/2016,7/28/2022
6736204399,116,3774365067,0,47,1/16/2003,1/8/2014,7/28/2022
2862573256,117,3305871458,0,39,11/18/2000,6/16/2014,7/28/2022
4592008707,118,4529724204,0,79,9/30/2005,4/28/2016,7/28/2022
9369728783,119,4129902288,2,59,11/21/2012,4/7/2019,7/28/2022
576554944,120,4932409397,0,31,9/3/2007,11/7/2015,7/28/2022
9746025821,121,7534442796,1,84,1/22/2000,8/17/2019,7/28/2022
8742007623,122,1353969517,1,70,6/12/2005,11/13/2016,7/28/2022
6559733564,123,1627383905,2,34,12/1/2012,10/25/2017,7/28/2022
9460585647,124,4224726831,2,21,10/13/2001,4/17/2022,7/28/2022
7524111878,125,3194897616,0,15,1/21/2010,8/22/2015,7/28/2022
2972580478,126,6501416930,1,56,6/20/2007,9/13/2015,7/28/2022
9588708311,127,6622460493,0,40,4/8/2002,1/28/2020,7/28/2022
65996011,128,4522629486,0,10,2/19/2006,5/9/2021,7/28/2022
4424503542,129,4390936700,1,23,2/21/2012,6/15/2015,7/28/2022
72445599,130,3883886173,0,21,10/21/2000,8/10/2021,7/28/2022
4629637249,131,7902570923,0,62,11/11/2002,3/9/2015,7/28/2022
6006077442,132,516466208,2,28,5/20/2011,2/5/2020,7/28/2022
7327865845,133,5872829426,0,78,9/18/2001,6/12/2013,7/28/2022
7425017032,134,7095960674,0,87,6/9/2005,11/19/2015,7/28/2022
1659057302,135,8572628681,2,44,9/2/2002,5/22/2017,7/28/2022
6482462960,136,5378038170,1,17,4/30/2008,12/12/2014,7/28/2022
8155201996,137,8337179775,2,89,1/26/2010,7/2/2017,7/28/2022
1067887881,138,3011257884,2,68,1/15/2009,4/4/2020,7/28/2022
1537098128,139,7723899130,1,16,6/11/2005,1/26/2016,7/28/2022
8686814859,140,6799680686,0,64,1/30/2003,11/18/2015,7/28/2022
3219747388,141,1592992099,0,77,11/11/2008,1/30/2022,7/28/2022
7132701223,142,4838536364,2,48,10/7/2000,7/5/2014,7/28/2022
6458024312,143,5965238436,1,84,7/16/2001,10/4/2017,7/28/2022
6610179573,144,6435569746,2,26,6/20/2002,5/2/2021,7/28/2022
6645024835,145,7977077604,0,11,6/15/2006,11/30/2016,7/28/2022
7364256555,146,9199057042,2,29,3/9/2011,1/12/2021,7/28/2022
4513218266,147,8310779852,0,77,3/21/2000,3/4/2017,7/28/2022
4607054046,148,1638667381,0,65,6/7/2010,4/25/2013,7/28/2022
5278320370,149,9462063915,2,28,5/19/2011,11/20/2018,7/28/2022
6189613659,150,9410347459,2,39,8/23/2000,3/22/2019,7/28/2022
475265564,151,3540772324,1,26,2/18/2008,9/21/2018,7/28/2022
2776360282,152,4681074489,2,56,2/15/2009,7/13/2013,7/28/2022
9104274873,153,7648877686,2,71,10/30/2001,5/5/2019,7/28/2022
3991396165,154,1252689500,0,75,9/25/2000,12/2/2019,7/28/2022
1239968213,155,3271196818,2,41,10/12/2011,1/13/2021,7/28/2022
4296579835,156,22121994,0,69,9/5/2011,3/24/2020,7/28/2022
7599192301,157,6692618975,2,16,5/28/2011,12/8/2019,7/28/2022
2726182399,158,2153753503,2,51,12/7/2007,4/6/2016,7/28/2022
2392363730,159,8791350948,1,57,6/22/2012,3/7/2013,7/28/2022
7366584037,160,351770593,2,31,6/25/2009,3/19/2013,7/28/2022
4686481201,161,610582887,1,99,2/17/2001,9/4/2017,7/28/2022
2068570114,162,9862039396,0,90,12/8/2008,3/10/2019,7/28/2022
564511161,163,9322245840,1,92,2/15/2007,6/29/2014,7/28/2022
761638504,164,2115833953,1,84,10/12/2001,12/27/2014,7/28/2022
4062361388,165,973293098,2,96,6/15/2011,2/15/2021,7/28/2022
4919476604,166,211753785,2,91,7/18/2003,12/25/2020,7/28/2022
3010910762,167,6856487525,0,27,5/22/2003,6/14/2021,7/28/2022
3652785762,168,3425452371,1,87,11/7/2000,5/19/2020,7/28/2022
9297998445,169,1368127193,2,89,5/11/2001,9/19/2016,7/28/2022
2281851966,170,9093681060,1,91,10/24/2000,12/31/2016,7/28/2022
3006904346,171,2564859658,2,74,1/14/2002,6/23/2014,7/28/2022
7513533016,172,9217492450,2,44,12/4/2006,1/25/2014,7/28/2022
8371810482,173,1064626610,2,98,12/20/2006,5/8/2016,7/28/2022
4965736370,174,9850341009,2,2,9/10/2010,7/23/2022,7/28/2022
6986468342,175,9796032880,0,30,7/17/2007,9/15/2020,7/28/2022
9570693517,176,5395365605,2,13,9/26/2006,8/14/2021,7/28/2022
8798810693,177,2576817696,1,3,1/7/2008,7/21/2016,7/28/2022
8980198469,178,9203373543,1,23,11/22/2011,9/20/2017,7/28/2022
489878245,179,60651490,2,59,4/7/2009,6/29/2017,7/28/2022
4710890846,180,6224408300,2,8,5/29/2010,4/17/2016,7/28/2022
2503670466,181,4909348247,0,65,5/8/2000,11/13/2019,7/28/2022
7239927423,182,2663554685,1,59,1/22/2008,12/21/2019,7/28/2022
7497249401,183,2159988421,2,11,8/2/2006,6/4/2022,7/28/2022
4873373018,184,6082637313,1,72,9/4/2004,8/24/2017,7/28/2022
9755897968,185,4196340083,1,6,9/6/2012,5/30/2017,7/28/2022
2054853259,186,4754127552,2,74,5/24/2010,2/10/2014,7/28/2022
872279340,187,3858831743,1,27,1/13/2003,1/21/2019,7/28/2022
4570424368,188,3748733445,2,52,12/24/2007,8/30/2013,7/28/2022
4452009158,189,1779871198,2,29,2/3/2005,3/17/2015,7/28/2022
289382785,190,4521055192,0,49,11/30/2010,11/25/2020,7/28/2022
9080257982,191,1744073864,0,65,2/28/2004,7/4/2014,7/28/2022
6904266171,192,9360025933,2,63,1/8/2005,12/22/2017,7/28/2022
8074263525,193,1040206255,1,62,12/27/2001,5/4/2015,7/28/2022
7255745806,194,813649595,1,86,3/2/2000,2/14/2021,7/28/2022
9301163179,195,1057092363,1,52,8/21/2008,2/20/2014,7/28/2022
699686024,196,661328546,2,88,3/30/2011,8/6/2013,7/28/2022
1385176822,197,5813531629,0,14,4/7/2006,6/23/2017,7/28/2022
8126548185,198,1254431454,2,12,4/27/2012,10/28/2015,7/28/2022
349849137,199,1175949728,2,2,9/1/2006,8/23/2017,7/28/2022
6871178635,200,5853674595,1,28,2/10/2003,7/1/2017,7/28/2022
718892852,201,238953440,2,58,7/7/2011,2/22/2013,7/28/2022
6279213099,202,2696506256,1,18,5/21/2006,4/4/2020,7/28/2022
5257684853,203,6045519442,1,7,1/15/2003,2/25/2021,7/28/2022
8920064008,204,6177470521,0,45,5/2/2005,12/22/2015,7/28/2022
573892016,205,28005406,0,53,6/17/2001,8/9/2013,7/28/2022
9722860755,206,7656688315,2,18,10/23/2001,6/23/2018,7/28/2022
2190903491,207,576062642,2,77,12/9/2005,6/18/2014,7/28/2022
4320146271,208,5926277019,2,32,9/24/2006,12/31/2017,7/28/2022
1681742101,209,9098346707,2,29,11/11/2007,5/27/2022,7/28/2022
5389319435,210,5972825139,0,46,3/8/2007,5/22/2022,7/28/2022
9549720071,211,4732223400,0,8,10/10/2008,9/1/2021,7/28/2022
5491315346,212,8218308431,0,45,1/30/2011,9/1/2015,7/28/2022
2462946586,213,3948761949,0,5,11/15/2012,7/31/2017,7/28/2022
1337507776,214,857670921,2,21,4/28/2012,8/5/2014,7/28/2022
8849465491,215,7751189355,0,11,2/4/2006,5/3/2014,7/28/2022
3057057489,216,5170950969,2,82,3/24/2011,7/22/2013,7/28/2022
5520279802,217,1585429961,2,28,1/31/2008,5/15/2022,7/28/2022
278842208,218,4814248903,0,35,9/26/2011,12/24/2021,7/28/2022
4898737943,219,1970819413,1,84,7/4/2003,3/22/2020,7/28/2022
8082441984,220,1187439231,0,44,6/6/2003,10/3/2020,7/28/2022
468139893,221,3091423603,2,91,7/18/2005,11/15/2013,7/28/2022
58623795,222,1532334869,0,60,10/3/2010,7/13/2017,7/28/2022
1489601864,223,3953923374,1,78,8/16/2009,1/23/2016,7/28/2022
5152907925,224,8593397433,0,69,10/4/2003,1/6/2021,7/28/2022
7879831967,225,695281518,0,67,9/29/2004,9/1/2019,7/28/2022
9366037887,226,7449033429,0,80,11/9/2010,12/17/2017,7/28/2022
1434219488,227,1012564932,0,95,2/23/2005,11/10/2016,7/28/2022
35582243,228,282731024,2,56,5/17/2005,2/13/2014,7/28/2022
4286362930,229,4981183739,2,93,10/28/2012,1/13/2017,7/28/2022
7158216152,230,7577671827,0,23,4/19/2007,2/16/2013,7/28/2022
807307254,231,5043662123,2,2,3/25/2009,1/18/2019,7/28/2022
572530854,232,5118236053,2,2,8/7/2005,8/22/2020,7/28/2022
8297615634,233,7537846049,0,89,6/8/2012,6/22/2014,7/28/2022
5380362486,234,4433925144,0,96,7/16/2011,11/8/2017,7/28/2022
2868065880,235,201492377,1,28,9/23/2000,5/21/2014,7/28/2022
6013846308,236,6174272281,0,5,4/11/2001,12/6/2013,7/28/2022
748629440,237,8159496311,1,80,3/22/2010,3/11/2013,7/28/2022
8715732363,238,6579627360,1,10,2/23/2005,4/4/2021,7/28/2022
2948675391,239,2228325309,1,97,8/4/2000,11/25/2018,7/28/2022
3028704145,240,7871355430,2,78,7/20/2007,8/5/2014,7/28/2022
3220097146,241,3692844972,0,69,7/1/2011,10/13/2013,7/28/2022
1187041491,242,899175783,1,75,5/29/2005,3/28/2021,7/28/2022
5374015613,243,2006961985,0,77,3/23/2009,10/23/2013,7/28/2022
2728467927,244,5348751448,2,45,2/11/2000,8/18/2021,7/28/2022
1579771939,245,228748631,0,19,10/2/2003,5/29/2022,7/28/2022
6290459090,246,5836540705,0,58,11/2/2008,3/28/2013,7/28/2022
6365207565,247,2340606365,0,67,9/20/2004,5/27/2013,7/28/2022
3910394256,248,1997769492,1,29,7/17/2005,12/3/2020,7/28/2022
2427826707,249,7719038975,2,47,8/6/2008,1/28/2013,7/28/2022
7876033393,250,5657371313,0,9,9/20/2005,11/17/2013,7/28/2022
4098618559,251,3420770235,2,71,11/18/2001,7/4/2017,7/28/2022
2248027338,252,3092549058,0,32,8/30/2002,8/5/2016,7/28/2022
8674105319,253,6958463544,1,71,7/20/2006,6/29/2019,7/28/2022
2100129295,254,6641809048,1,12,9/6/2004,12/22/2017,7/28/2022
2913781411,255,1994252111,2,18,9/29/2006,11/12/2015,7/28/2022
5524101757,256,9916750335,1,39,8/5/2012,1/16/2016,7/28/2022
6565157944,257,1547859334,1,51,9/16/2012,2/24/2016,7/28/2022
3417909031,258,925281255,2,97,6/18/2012,4/25/2016,7/28/2022
4214086260,259,233628339,2,22,9/3/2000,5/11/2020,7/28/2022
669610437,260,5670458958,2,93,10/21/2003,12/14/2013,7/28/2022
8995940158,261,3073661409,0,86,7/5/2004,3/16/2020,7/28/2022
4494373133,262,7490718538,2,16,2/24/2001,8/16/2017,7/28/2022
1008140694,263,5665526908,2,15,3/17/2010,7/18/2022,7/28/2022
6685519770,264,8449214483,0,57,5/27/2007,3/22/2021,7/28/2022
2920819313,265,5781489886,2,24,12/4/2011,4/28/2021,7/28/2022
7149502075,266,1704491517,0,80,12/16/2004,10/21/2021,7/28/2022
5144580319,267,3012581855,0,8,5/5/2000,10/6/2014,7/28/2022
8890808535,268,3354207353,0,25,3/29/2005,5/20/2018,7/28/2022
6490717719,269,9177878159,0,13,4/6/2006,1/19/2015,7/28/2022
1072669277,270,3052367277,0,69,11/8/2004,12/2/2013,7/28/2022
4648607937,271,6073745605,1,54,7/10/2002,6/8/2018,7/28/2022
766160327,272,895140136,1,29,6/28/2007,5/8/2020,7/28/2022
8488937318,273,8681749773,0,69,1/14/2002,7/18/2020,7/28/2022
3783676223,274,9376313992,2,17,2/3/2003,5/10/2018,7/28/2022
7144941097,275,6807416946,2,65,3/1/2000,11/20/2014,7/28/2022
7860899949,276,8783195,0,34,12/2/2004,4/24/2014,7/28/2022
5551127710,277,3580396897,2,24,6/26/2000,12/25/2019,7/28/2022
6151767551,278,6802027623,2,40,10/28/2012,10/21/2017,7/28/2022
1134632886,279,466589034,1,94,1/30/2004,2/4/2019,7/28/2022
3284286225,280,8863717729,0,13,7/7/2008,5/28/2022,7/28/2022
1245764993,281,8196100833,1,32,3/5/2009,7/4/2021,7/28/2022
5862123180,282,1642534374,2,30,2/12/2001,6/20/2022,7/28/2022
5488177108,283,8149563547,2,62,3/25/2012,10/7/2013,7/28/2022
604695845,284,4216992188,0,79,8/29/2005,3/19/2022,7/28/2022
8335679177,285,3736671040,2,67,9/1/2004,1/12/2022,7/28/2022
1135301425,286,1880610914,0,76,11/19/2006,4/23/2022,7/28/2022
8580616077,287,9318314396,2,80,5/7/2004,9/16/2018,7/28/2022
7351321833,288,4643358157,2,62,10/29/2010,4/26/2019,7/28/2022
3439609197,289,6202381124,2,48,10/25/2010,11/25/2015,7/28/2022
2421626463,290,2747420019,0,23,5/9/2005,6/18/2013,7/28/2022
8321041116,291,3753087335,0,83,6/28/2007,6/17/2013,7/28/2022
3892464103,292,3164498586,1,50,5/12/2000,4/25/2021,7/28/2022
3465980808,293,7100801818,2,44,1/30/2009,9/22/2020,7/28/2022
9934101742,294,2222800730,2,75,3/23/2009,11/7/2013,7/28/2022
2039433805,295,4200879220,1,79,10/24/2003,7/25/2018,7/28/2022
3466371570,296,306834057,0,67,9/16/2011,1/7/2015,7/28/2022
6573755383,297,5844889479,2,51,1/2/2003,9/7/2019,7/28/2022
3515905979,298,6351845831,2,73,5/19/2007,2/26/2020,7/28/2022
1146944705,299,4058538562,0,64,12/15/2010,6/17/2022,7/28/2022
5497444571,300,6235289618,0,30,7/23/2006,5/9/2016,7/28/2022
9807053722,301,9990498334,2,46,7/30/2004,3/10/2014,7/28/2022
4904981162,302,7182104881,1,29,9/28/2011,5/1/2016,7/28/2022
863348491,303,8920563403,1,71,11/19/2000,12/8/2018,7/28/2022
3091962695,304,6120508406,1,18,5/30/2008,12/21/2018,7/28/2022
8604780130,305,914930699,1,82,7/11/2007,8/18/2013,7/28/2022
3522886909,306,8644744925,2,44,5/12/2004,10/12/2018,7/28/2022
2778085327,307,2963325398,1,12,9/20/2003,6/16/2021,7/28/2022
1138068136,308,7707987330,2,44,4/2/2009,1/12/2021,7/28/2022
4787039903,309,38429039,0,77,9/1/2009,2/13/2016,7/28/2022
7295539158,310,3753170321,1,21,1/3/2007,3/24/2017,7/28/2022
6956458209,311,974370509,1,83,9/1/2004,3/17/2018,7/28/2022
1298982235,312,8369980570,2,22,7/27/2009,8/19/2016,7/28/2022
5431393502,313,8417076352,2,70,10/3/2001,9/26/2017,7/28/2022
3894698012,314,1735256722,1,60,10/25/2008,2/8/2015,7/28/2022
2604402130,315,8849936672,1,39,10/7/2006,10/4/2016,7/28/2022
3282353758,316,432750428,0,1,2/12/2006,10/13/2016,7/28/2022
5691221337,317,4010507322,0,32,10/6/2007,8/23/2015,7/28/2022
4447548585,318,3847561952,1,42,3/18/2010,5/2/2021,7/28/2022
2147985260,319,6727102155,0,71,8/26/2002,5/2/2013,7/28/2022
3189505101,320,5267667552,1,21,4/25/2000,9/26/2017,7/28/2022
7373699162,321,3672232882,1,72,5/5/2011,10/10/2016,7/28/2022
1521329222,322,8417164510,0,58,4/13/2000,1/5/2017,7/28/2022
2333364769,323,7934115156,0,78,3/10/2010,8/18/2015,7/28/2022
4902382148,324,2927233144,0,87,8/24/2003,2/10/2022,7/28/2022
7646748048,325,5918841601,2,66,6/2/2004,10/4/2019,7/28/2022
9139279286,326,852562829,2,91,12/28/2004,4/9/2016,7/28/2022
6370498440,327,4199018840,1,66,6/6/2009,9/17/2015,7/28/2022
1444014749,328,5235703472,2,61,10/7/2008,12/26/2018,7/28/2022
5166400356,329,4153320056,0,33,6/10/2000,4/18/2020,7/28/2022
6745126982,330,8600617766,1,30,10/23/2002,4/7/2019,7/28/2022
9043622699,331,6713865151,1,63,7/23/2001,1/9/2015,7/28/2022
8781940920,332,7220907737,2,12,6/9/2002,5/14/2020,7/28/2022
7258316051,333,9251554404,2,31,4/27/2012,7/31/2018,7/28/2022
5376246698,334,9700070875,1,59,7/26/2005,6/22/2015,7/28/2022
4934372989,335,8639384878,1,27,3/1/2004,3/18/2018,7/28/2022
7452143744,336,7542136224,1,5,12/14/2007,7/26/2017,7/28/2022
730736156,337,9941190992,1,70,10/20/2005,10/16/2016,7/28/2022
8091549008,338,8801650930,0,97,9/25/2004,4/10/2020,7/28/2022
3516011890,339,6127038790,0,7,5/23/2010,6/15/2018,7/28/2022
1740776186,340,7604124836,2,59,1/24/2002,8/25/2013,7/28/2022
4382044049,341,8958253231,0,64,9/18/2000,10/5/2021,7/28/2022
6972541069,342,9404735132,2,26,7/30/2005,2/2/2014,7/28/2022
7111489721,343,1045544620,2,95,7/12/2012,5/10/2018,7/28/2022
5869985226,344,9110402209,0,54,12/29/2001,7/10/2022,7/28/2022
1528327756,345,6968013401,2,48,9/16/2001,10/5/2019,7/28/2022
3808291788,346,3560501008,2,44,12/10/2004,4/21/2019,7/28/2022
6913161417,347,8729261686,2,18,5/22/2009,12/31/2013,7/28/2022
7331559486,348,4869711362,0,13,1/23/2006,8/23/2016,7/28/2022
6549141303,349,5402953325,2,3,5/31/2012,7/10/2020,7/28/2022
4647168980,350,6834424997,1,2,10/2/2000,1/12/2022,7/28/2022
2996353226,351,6034448077,2,20,12/26/2005,1/8/2013,7/28/2022
4891802693,352,2985741157,2,46,4/21/2002,3/22/2013,7/28/2022
254500854,353,5491981486,2,56,6/7/2003,7/18/2017,7/28/2022
3123830578,354,9465268577,0,28,7/13/2000,7/30/2013,7/28/2022
625025946,355,359053912,2,12,10/26/2004,5/5/2022,7/28/2022
4777686795,356,5577789389,2,45,3/14/2007,8/20/2018,7/28/2022
9605170450,357,9977239142,0,15,9/6/2010,3/11/2019,7/28/2022
5350028065,358,3071285914,2,38,11/23/2002,3/8/2019,7/28/2022
8733660646,359,176331514,0,71,5/8/2012,6/21/2018,7/28/2022
9705493545,360,9513952665,1,42,11/29/2007,10/4/2015,7/28/2022
8270679232,361,3753743836,1,17,4/16/2003,11/6/2015,7/28/2022
5837612688,362,8060767852,0,7,1/16/2012,3/13/2015,7/28/2022
6973333621,363,8679151750,0,63,3/15/2005,1/25/2018,7/28/2022
3029063267,364,2610466048,1,14,2/25/2002,7/4/2021,7/28/2022
6353647735,365,3291238990,0,84,1/10/2002,10/17/2017,7/28/2022
3326543840,366,4598825499,0,20,10/29/2012,7/8/2020,7/28/2022
4729721543,367,4268543082,0,91,2/8/2000,8/21/2020,7/28/2022
9888472356,368,9569667893,1,71,12/30/2002,3/12/2018,7/28/2022
1772611301,369,1576314561,0,14,8/29/2004,12/12/2019,7/28/2022
4244728910,370,7672849026,2,37,1/23/2011,12/24/2020,7/28/2022
5618749807,371,760031576,1,25,7/13/2005,11/20/2020,7/28/2022
2816425525,372,7058788189,0,47,10/18/2005,4/3/2018,7/28/2022
1247719103,373,5455268376,1,32,3/21/2000,11/21/2019,7/28/2022
2220296601,374,3862384535,2,68,3/11/2008,11/26/2021,7/28/2022
9509125180,375,7085251530,1,57,9/22/2008,6/5/2019,7/28/2022
2886728683,376,6650341134,1,29,11/8/2005,8/29/2017,7/28/2022
3207933998,377,989218112,2,75,12/12/2005,3/17/2021,7/28/2022
939185083,378,4160060218,1,11,6/11/2005,1/28/2022,7/28/2022
7646556386,379,1017987459,0,49,9/3/2006,10/25/2016,7/28/2022
8538162810,380,4831578967,1,75,5/29/2003,4/3/2015,7/28/2022
8603633266,381,5169010265,0,36,2/8/2007,4/13/2020,7/28/2022
2817801318,382,9634245129,1,6,2/12/2005,11/24/2021,7/28/2022
5321620172,383,6764610649,2,51,8/13/2006,7/24/2017,7/28/2022
5687651527,384,6105342454,2,21,8/5/2000,3/7/2018,7/28/2022
2803670011,385,5382600317,2,29,4/24/2011,4/2/2014,7/28/2022
209756373,386,1639016562,1,18,3/11/2000,8/2/2016,7/28/2022
8362648708,387,8393472806,2,26,7/26/2002,9/7/2021,7/28/2022
8912776495,388,5453971347,0,82,3/27/2006,5/3/2019,7/28/2022
7043853990,389,9201134746,1,37,7/15/2008,6/17/2019,7/28/2022
5092989424,390,3116128561,2,3,9/25/2012,7/11/2015,7/28/2022
2634014759,391,5159509739,1,24,8/5/2002,10/21/2015,7/28/2022
8910979860,392,2536153320,2,72,1/1/2007,10/19/2013,7/28/2022
6428876310,393,6568430293,1,61,2/18/2007,5/25/2013,7/28/2022
2309138282,394,913243280,2,48,12/8/2011,8/26/2015,7/28/2022
9437935718,395,8559536663,2,59,8/30/2008,9/8/2019,7/28/2022
1838898972,396,6270255368,0,11,2/19/2010,10/8/2016,7/28/2022
5725297713,397,2460108761,2,79,9/14/2001,7/18/2013,7/28/2022
7089106101,398,7316365994,2,98,2/20/2008,8/26/2014,7/28/2022
460568078,399,4654260749,2,89,11/9/2008,6/12/2021,7/28/2022
9225272235,400,5121960778,1,90,8/6/2012,1/28/2022,7/28/2022
216088925,401,3373547504,2,94,7/11/2010,7/18/2019,7/28/2022
2605406814,402,747496919,1,48,3/19/2002,8/7/2014,7/28/2022
8141900080,403,62043412,2,85,8/26/2009,11/12/2020,7/28/2022
5738191900,404,9119091753,1,43,8/14/2007,10/15/2013,7/28/2022
5385132608,405,8835173299,2,37,6/20/2006,9/24/2019,7/28/2022
5791190891,406,4841791876,1,80,4/26/2012,6/1/2016,7/28/2022
3979611310,407,3277258769,2,69,10/16/2008,12/21/2019,7/28/2022
1056043040,408,8868470969,2,1,1/12/2004,10/20/2015,7/28/2022
3357821656,409,5001595118,1,26,9/3/2005,7/8/2017,7/28/2022
8904035325,410,6611757929,0,91,3/1/2009,6/8/2016,7/28/2022
664739431,411,4724620013,0,41,2/5/2003,3/21/2020,7/28/2022
2736807324,412,2950794769,1,63,5/7/2009,12/3/2018,7/28/2022
8885664407,413,8168383966,2,71,1/19/2011,3/28/2017,7/28/2022
5657435656,414,1124827358,0,17,4/15/2005,1/14/2016,7/28/2022
9486633312,415,1641482656,0,98,1/8/2008,5/5/2019,7/28/2022
6764055017,416,8779189873,1,40,5/9/2008,2/13/2018,7/28/2022
2094041174,417,2650559454,2,3,3/24/2007,3/6/2014,7/28/2022
8848975143,418,404260012,2,19,11/2/2003,6/18/2013,7/28/2022
8150602712,419,372679110,0,76,7/26/2008,3/12/2022,7/28/2022
7589760633,420,7090550273,1,64,8/18/2001,3/28/2022,7/28/2022
9489402567,421,6624327685,0,2,11/16/2000,3/6/2017,7/28/2022
5542393454,422,3647526711,1,65,7/31/2007,4/28/2016,7/28/2022
9384877298,423,6579965983,0,95,9/12/2002,1/11/2018,7/28/2022
5307737408,424,3713718067,0,61,4/8/2001,9/27/2017,7/28/2022
3173908368,425,3019648610,1,92,2/18/2007,1/25/2021,7/28/2022
7047467807,426,3839618061,2,60,4/9/2001,11/15/2015,7/28/2022
5081125407,427,2066967459,2,80,7/18/2012,2/1/2014,7/28/2022
2303993148,428,3769182898,2,29,6/6/2008,11/6/2013,7/28/2022
4416517068,429,4777540227,1,93,12/24/2000,5/12/2014,7/28/2022
5627274506,430,6656275362,1,89,12/15/2004,3/18/2017,7/28/2022
8444443530,431,5221482169,1,35,4/17/2012,8/10/2021,7/28/2022
1612126480,432,4910691359,0,11,2/17/2005,12/18/2015,7/28/2022
11032375,433,805185941,2,13,5/7/2006,4/10/2020,7/28/2022
7167464635,434,2473607621,1,3,8/19/2003,11/28/2018,7/28/2022
6446393954,435,9666136554,2,61,11/13/2010,10/22/2014,7/28/2022
5559922919,436,1080790349,0,49,1/31/2002,10/30/2020,7/28/2022
55743579,437,5198496847,0,3,7/23/2001,1/27/2022,7/28/2022
3898516512,438,3504256451,1,85,6/6/2011,6/20/2015,7/28/2022
3522953754,439,7973180206,1,55,11/28/2004,6/8/2021,7/28/2022
6246603092,440,4960892218,2,71,8/7/2004,7/5/2017,7/28/2022
4085077309,441,3964295434,1,78,12/12/2006,7/4/2013,7/28/2022
5778194722,442,5459927072,0,52,1/5/2005,10/22/2020,7/28/2022
5157984359,443,132643162,1,29,10/19/2006,4/26/2022,7/28/2022
7022986835,444,2791382895,0,32,12/8/2009,6/11/2015,7/28/2022
8852686169,445,4797873698,2,4,5/16/2012,4/5/2013,7/28/2022
2819406815,446,1075582601,0,10,10/30/2010,2/27/2017,7/28/2022
1994588365,447,8451152201,2,58,5/24/2006,1/18/2013,7/28/2022
2681249902,448,51080702,1,31,3/21/2005,8/31/2016,7/28/2022
2807748066,449,4905629292,2,86,11/2/2005,9/22/2014,7/28/2022
3866599226,450,4997882593,1,11,9/3/2009,9/10/2017,7/28/2022
4427369057,451,4760209174,2,88,11/12/2001,5/10/2021,7/28/2022
9983103443,452,3472723300,2,9,12/18/2009,12/20/2017,7/28/2022
9930090487,453,3051523917,2,84,2/10/2008,3/7/2018,7/28/2022
2481541014,454,6299209909,0,80,5/8/2000,7/17/2016,7/28/2022
7423639591,455,7479174454,1,49,6/21/2004,6/13/2019,7/28/2022
1550258168,456,4740629682,2,32,6/12/2006,12/1/2017,7/28/2022
3340884773,457,7940935917,2,63,9/17/2006,3/2/2014,7/28/2022
1017464138,458,3808855193,0,39,9/1/2008,9/13/2021,7/28/2022
297674625,459,9385155636,1,99,6/22/2011,3/16/2021,7/28/2022
3315307407,460,3431041035,2,47,11/8/2008,5/5/2019,7/28/2022
2945811650,461,1986627500,1,37,8/27/2004,6/16/2022,7/28/2022
2890373991,462,4342876345,1,16,7/20/2003,4/23/2014,7/28/2022
752794426,463,2116898048,0,78,1/10/2002,12/17/2014,7/28/2022
4639554117,464,4100360142,1,42,3/21/2010,6/7/2017,7/28/2022
8513782386,465,8266018170,0,17,1/12/2004,1/4/2015,7/28/2022
4654787968,466,6231535681,1,61,8/18/2005,11/7/2018,7/28/2022
4945078998,467,1385854286,0,89,4/15/2009,4/10/2015,7/28/2022
1896501591,468,8883545060,0,10,3/19/2007,9/1/2021,7/28/2022
8997806432,469,6170514280,1,87,1/23/2010,6/30/2016,7/28/2022
6440405365,470,6847851635,1,2,10/2/2002,12/26/2015,7/28/2022
6460497311,471,4089559979,2,39,10/2/2012,12/31/2015,7/28/2022
723786348,472,1882233093,2,48,10/24/2000,2/2/2022,7/28/2022
1500778060,473,4234154822,2,35,12/4/2001,7/20/2017,7/28/2022
1101512644,474,9807752264,1,35,11/26/2004,4/10/2022,7/28/2022
7423782114,475,7431584997,2,71,1/3/2009,3/24/2020,7/28/2022
1198279176,476,4389465163,2,32,3/11/2006,11/7/2020,7/28/2022
2309140287,477,8497948211,1,27,3/10/2007,10/11/2014,7/28/2022
3020181755,478,7655354677,2,15,9/22/2010,4/20/2016,7/28/2022
5676751096,479,4542236315,2,15,10/14/2010,1/23/2016,7/28/2022
9333562400,480,4003109384,1,19,2/25/2005,7/16/2017,7/28/2022
8749072064,481,6756469843,2,64,6/22/2008,1/28/2013,7/28/2022
4666719474,482,2199255816,1,97,3/2/2008,3/22/2014,7/28/2022
6202891637,483,1186465611,2,41,3/20/2001,1/21/2022,7/28/2022
9819700515,484,8371092482,1,55,6/10/2012,7/24/2019,7/28/2022
2431832805,485,8692126039,2,92,1/8/2005,3/15/2019,7/28/2022
3005919749,486,8970124578,2,57,2/7/2012,10/21/2016,7/28/2022
9116875893,487,6641527506,0,77,1/26/2004,7/1/2018,7/28/2022
9190759621,488,6964989730,1,27,3/29/2003,10/16/2014,7/28/2022
3813813266,489,8103524468,2,39,5/10/2012,5/21/2019,7/28/2022
1747215899,490,9428747823,0,57,2/25/2001,5/18/2017,7/28/2022
9527068681,491,1224158547,2,93,5/18/2011,4/21/2014,7/28/2022
1035460262,492,5196329048,2,62,10/15/2008,3/1/2016,7/28/2022
3375317468,493,8484648257,2,3,6/25/2001,9/29/2017,7/28/2022
7884657791,494,9002596545,2,99,8/14/2003,1/2/2019,7/28/2022
4950805975,495,7004115852,1,29,3/8/2008,6/13/2017,7/28/2022
3407213379,496,3135323714,2,83,3/6/2003,12/31/2019,7/28/2022
5299298811,497,8022364991,1,13,7/13/2003,4/5/2016,7/28/2022
2899001841,498,9431236028,2,86,5/2/2009,9/24/2018,7/28/2022
948595442,499,5115858029,0,90,1/13/2005,3/11/2020,7/28/2022
7261117021,500,6045057376,1,46,4/28/2011,11/15/2015,7/28/2022
8599283790,501,7293849168,2,1,12/19/2006,7/21/2021,7/28/2022
823166090,502,2513569091,0,89,8/26/2010,9/1/2018,7/28/2022
7647020196,503,6628243753,2,27,4/6/2010,12/26/2016,7/28/2022
4257857692,504,780407962,1,97,6/18/2010,12/17/2016,7/28/2022
5334000917,505,7581758656,2,87,6/8/2007,5/2/2017,7/28/2022
7151747071,506,2636498656,0,82,1/8/2012,12/9/2015,7/28/2022
1139996754,507,8829942286,2,57,5/28/2001,10/22/2020,7/28/2022
1336437383,508,9993173819,0,69,5/30/2011,4/6/2016,7/28/2022
586227415,509,3436971839,0,52,9/17/2003,5/24/2016,7/28/2022
5873885656,510,8992237758,1,93,11/11/2000,1/6/2016,7/28/2022
3282587805,511,3503540296,2,30,11/18/2001,1/14/2018,7/28/2022
6096725767,512,1738949788,2,18,8/18/2010,6/22/2022,7/28/2022
7499356620,513,2529063915,0,77,2/20/2008,4/5/2018,7/28/2022
3662727420,514,3813665127,1,8,10/25/2005,6/7/2018,7/28/2022
1272046400,515,6613201200,0,63,1/25/2011,3/5/2017,7/28/2022
1619013967,516,6088988282,0,70,10/7/2008,9/12/2017,7/28/2022
6963791457,517,2009179137,0,90,4/6/2001,3/1/2013,7/28/2022
1753308801,518,5648971427,1,52,7/22/2010,10/13/2017,7/28/2022
5264947856,519,6027295767,1,100,6/6/2010,6/23/2018,7/28/2022
7790231693,520,7164897336,0,63,10/21/2012,4/1/2013,7/28/2022
1550024868,521,9821796176,2,12,9/4/2004,6/11/2016,7/28/2022
4325576665,522,5638062599,2,55,6/30/2007,7/24/2019,7/28/2022
840844638,523,8059544616,2,70,1/5/2008,7/8/2014,7/28/2022
4352378984,524,2371742325,2,77,12/30/2006,10/4/2014,7/28/2022
5226961162,525,255307616,0,25,8/9/2011,10/29/2018,7/28/2022
2345953713,526,7790538071,1,17,11/19/2009,10/28/2018,7/28/2022
7247520914,527,1057665959,1,93,2/27/2010,8/18/2014,7/28/2022
5431021583,528,8249231627,2,91,4/21/2002,1/25/2021,7/28/2022
4314797584,529,8541808564,1,65,4/26/2011,4/16/2015,7/28/2022
606881603,530,4032562253,1,25,6/7/2005,5/4/2018,7/28/2022
2757126075,531,8337350881,1,85,4/30/2011,3/20/2019,7/28/2022
8811041074,532,1328056104,2,33,12/19/2001,4/7/2022,7/28/2022
7107198076,533,2264815930,0,84,8/1/2001,9/27/2013,7/28/2022
6141835031,534,9665709100,0,39,6/29/2012,10/31/2020,7/28/2022
5448376789,535,7282258325,0,62,8/9/2006,2/24/2014,7/28/2022
7554039059,536,237398486,2,99,3/3/2004,6/18/2016,7/28/2022
5008586920,537,8301807687,0,17,1/4/2011,8/20/2020,7/28/2022
751539279,538,1261939514,0,4,2/9/2007,1/3/2018,7/28/2022
1202679285,539,7702496428,2,63,8/18/2007,6/24/2015,7/28/2022
2392165238,540,5465813571,2,56,12/18/2008,1/5/2018,7/28/2022
3156358010,541,6919648466,2,66,12/24/2007,1/13/2018,7/28/2022
9167015220,542,2795238594,0,10,10/3/2012,6/19/2021,7/28/2022
7628269273,543,1623000521,1,34,10/8/2006,2/26/2019,7/28/2022
4569437222,544,7240850323,2,10,10/25/2008,8/26/2014,7/28/2022
711126844,545,5383666494,0,3,9/6/2009,7/22/2021,7/28/2022
8614045859,546,2579511318,2,87,11/10/2008,10/13/2014,7/28/2022
9128754417,547,9606602400,2,84,7/9/2000,5/6/2013,7/28/2022
8075755812,548,4825343724,0,98,6/23/2007,5/16/2017,7/28/2022
7488020618,549,9909438011,0,89,1/12/2007,9/12/2021,7/28/2022
4598391243,550,6734604071,0,42,12/18/2008,4/20/2016,7/28/2022
9381519617,551,8892361937,1,74,12/27/2009,12/17/2017,7/28/2022
1129842991,552,4640688458,2,2,9/8/2005,2/13/2020,7/28/2022
821440071,553,746413327,2,11,6/22/2012,2/11/2022,7/28/2022
5265203796,554,7182079259,0,88,4/13/2002,2/1/2015,7/28/2022
9937194903,555,3412539406,2,31,3/29/2000,11/5/2014,7/28/2022
7821959286,556,8400097866,2,90,10/22/2007,5/21/2014,7/28/2022
9744574011,557,693463333,1,37,8/8/2006,2/11/2019,7/28/2022
9275951039,558,9120733003,2,8,11/29/2003,5/12/2022,7/28/2022
1817797204,559,2804500632,1,41,4/15/2003,7/30/2013,7/28/2022
4656512893,560,7975286702,1,90,11/4/2012,9/15/2016,7/28/2022
5568435529,561,2530189412,2,57,12/25/2003,9/18/2014,7/28/2022
6705664983,562,937899879,0,26,9/13/2012,5/28/2017,7/28/2022
1801640203,563,5573559443,0,8,11/20/2005,3/26/2021,7/28/2022
4913773151,564,1576450252,2,89,2/12/2005,11/16/2015,7/28/2022
173282970,565,6420457149,1,99,11/13/2000,9/29/2021,7/28/2022
6446717180,566,9823646996,0,12,6/24/2002,1/24/2014,7/28/2022
8402893147,567,5044731048,0,52,12/21/2003,2/13/2013,7/28/2022
5619027163,568,4560232245,0,92,8/16/2000,9/27/2021,7/28/2022
1653498110,569,3749606862,2,51,3/6/2001,1/5/2013,7/28/2022
7114359004,570,738648078,0,7,7/7/2001,9/8/2014,7/28/2022
9529584873,571,6615036126,1,75,2/3/2006,2/1/2019,7/28/2022
1315681730,572,3340143544,2,98,2/22/2012,10/7/2015,7/28/2022
8565016250,573,7040222493,2,31,6/20/2000,8/17/2013,7/28/2022
4647904881,574,2167137362,2,61,2/9/2003,1/10/2021,7/28/2022
8244389850,575,8169119979,0,65,1/19/2003,2/12/2018,7/28/2022
4372402619,576,9701176480,1,98,2/12/2006,12/15/2013,7/28/2022
1490495347,577,6972972884,1,65,12/19/2011,11/9/2017,7/28/2022
5123907874,578,2542291179,2,20,7/4/2003,3/11/2019,7/28/2022
2333854855,579,7861826066,2,25,8/9/2010,6/30/2015,7/28/2022
3406930433,580,414547713,1,29,7/15/2011,12/3/2015,7/28/2022
8152838594,581,3085966005,2,32,7/28/2010,2/21/2019,7/28/2022
4552427660,582,625587456,0,18,6/25/2004,5/31/2022,7/28/2022
4773054379,583,9991075585,0,83,10/17/2009,1/19/2016,7/28/2022
9513509354,584,5113265470,1,92,8/24/2009,6/14/2018,7/28/2022
7087556177,585,4098901285,0,18,10/15/2006,10/16/2017,7/28/2022
9565541828,586,2187968928,0,48,6/20/2008,1/30/2020,7/28/2022
4743065879,587,8800998410,1,66,7/7/2011,6/15/2013,7/28/2022
9956901989,588,2308624892,2,77,11/25/2002,4/29/2018,7/28/2022
9349970228,589,5783811424,2,40,5/17/2000,10/17/2013,7/28/2022
9950913780,590,7492962037,1,17,3/15/2003,7/17/2022,7/28/2022
6733811340,591,3486920553,2,57,10/31/2007,3/14/2017,7/28/2022
8952985184,592,7917016773,1,39,10/14/2002,9/20/2015,7/28/2022
3238494287,593,2380201838,0,77,10/24/2009,5/21/2020,7/28/2022
2193068941,594,9089995242,1,12,7/18/2002,5/27/2018,7/28/2022
9818556682,595,7297290882,0,36,11/5/2004,8/14/2016,7/28/2022
6603791935,596,741107325,2,99,7/15/2007,2/21/2013,7/28/2022
9280611852,597,9514810430,2,81,3/25/2009,5/28/2020,7/28/2022
9177855620,598,3945669286,0,57,7/10/2005,5/15/2022,7/28/2022
9700125505,599,3125598613,1,44,12/6/2007,2/26/2021,7/28/2022
1365072584,600,8377830310,2,62,4/17/2002,9/14/2019,7/28/2022
4371709958,601,9563663683,2,28,5/7/2003,1/14/2018,7/28/2022
1622001842,602,1524911321,2,20,7/23/2000,3/21/2015,7/28/2022
6288895156,603,6938214549,2,95,4/2/2009,1/25/2016,7/28/2022
8558911029,604,2011699754,2,95,2/1/2012,12/27/2021,7/28/2022
9203984771,605,2822471142,0,11,1/22/2004,6/14/2017,7/28/2022
6391938172,606,2623332495,1,20,3/6/2001,7/16/2014,7/28/2022
8972367281,607,8312308091,2,75,3/5/2009,4/28/2016,7/28/2022
3710031494,608,4564797328,0,96,1/16/2002,10/26/2019,7/28/2022
5803620653,609,1645193608,1,76,1/9/2008,12/18/2020,7/28/2022
7333239918,610,4271549452,0,26,8/8/2011,9/19/2016,7/28/2022
5456143259,611,1581315902,0,52,12/3/2009,11/16/2018,7/28/2022
5085064771,612,5644386155,1,91,4/21/2007,8/16/2019,7/28/2022
8671210421,613,8568688195,1,10,4/30/2002,9/26/2018,7/28/2022
6288226947,614,9188479471,2,10,12/18/2008,4/2/2018,7/28/2022
385759266,615,4170458435,0,98,7/9/2004,7/19/2019,7/28/2022
9133581428,616,572050232,0,56,3/7/2003,6/26/2013,7/28/2022
6570097970,617,4728089339,1,78,5/26/2001,4/10/2015,7/28/2022
1934717568,618,9088475539,0,13,10/15/2002,7/13/2022,7/28/2022
9480794233,619,2893219616,2,68,7/25/2002,3/30/2013,7/28/2022
3042159981,620,1812801475,0,66,7/21/2001,5/10/2014,7/28/2022
3488779866,621,9770898651,2,81,11/20/2000,10/31/2020,7/28/2022
1022042971,622,6259338821,2,26,8/14/2007,11/17/2014,7/28/2022
1273833708,623,2098606389,0,14,10/3/2004,11/1/2019,7/28/2022
6942557358,624,8979850824,0,66,10/28/2001,9/4/2013,7/28/2022
1783706031,625,1045336181,1,53,4/24/2003,5/6/2013,7/28/2022
8529319273,626,1336892897,0,45,3/19/2000,4/3/2013,7/28/2022
4892305030,627,6500401654,2,43,7/23/2011,10/31/2015,7/28/2022
6500658108,628,877485380,1,56,12/8/2012,6/29/2014,7/28/2022
6354147620,629,1705005993,0,85,7/21/2006,5/22/2016,7/28/2022
6645033699,630,5227406952,1,62,10/27/2009,5/24/2013,7/28/2022
7644228594,631,5959303957,0,72,2/26/2008,1/30/2013,7/28/2022
234818735,632,5992772839,0,30,8/19/2011,2/10/2019,7/28/2022
8832964074,633,6805093694,2,61,1/2/2012,9/9/2018,7/28/2022
2165178819,634,5792463034,1,69,4/23/2006,8/10/2021,7/28/2022
1477813853,635,6420061350,2,69,2/1/2008,2/7/2022,7/28/2022
1811842232,636,636073807,1,41,7/19/2009,6/1/2015,7/28/2022
3686256290,637,9028999264,2,12,4/30/2010,3/29/2018,7/28/2022
779978056,638,9035710347,2,9,4/11/2012,10/2/2018,7/28/2022
4244385967,639,2383822639,2,100,9/19/2010,8/9/2017,7/28/2022
6051997717,640,3647392871,1,6,12/23/2005,6/14/2018,7/28/2022
7749816682,641,9436749341,2,51,2/1/2006,3/3/2015,7/28/2022
5651362169,642,3615814142,1,89,10/1/2004,1/1/2022,7/28/2022
8728357221,643,8958323892,2,96,9/10/2009,3/19/2014,7/28/2022
1224584031,644,752773216,0,67,4/1/2006,9/20/2014,7/28/2022
3658984600,645,7154499222,1,57,3/12/2010,4/4/2018,7/28/2022
8421115618,646,3949329587,1,6,4/8/2009,2/12/2015,7/28/2022
1119810221,647,6624842881,2,49,11/27/2000,2/3/2022,7/28/2022
1122314302,648,4312493863,0,82,1/1/2002,5/24/2017,7/28/2022
8014086929,649,7871994239,1,10,5/21/2003,10/24/2014,7/28/2022
7017842812,650,9526617576,2,14,3/3/2004,10/7/2017,7/28/2022
4868467891,651,8372996857,1,69,9/3/2012,11/24/2014,7/28/2022
53577116,652,7210150234,1,21,2/13/2004,1/13/2017,7/28/2022
482455136,653,3526239142,1,20,11/2/2009,10/1/2019,7/28/2022
1111308837,654,9113229605,2,80,3/7/2008,11/15/2021,7/28/2022
4960728140,655,4073614428,2,75,9/3/2012,11/7/2019,7/28/2022
4242356870,656,3530738506,1,78,5/31/2012,10/23/2020,7/28/2022
8289572417,657,8829828416,0,97,6/1/2004,5/31/2015,7/28/2022
9295719107,658,9651276444,1,2,3/9/2001,1/15/2014,7/28/2022
6403368419,659,8812433952,0,87,6/27/2004,2/10/2014,7/28/2022
3980623947,660,6491431525,1,88,12/30/2009,1/1/2022,7/28/2022
9913574366,661,7085798122,2,82,12/15/2001,4/24/2021,7/28/2022
5766110030,662,1932664343,1,4,11/22/2010,11/22/2020,7/28/2022
4994280479,663,8851372918,2,65,1/9/2004,12/22/2017,7/28/2022
9673434859,664,7199540698,1,60,8/15/2010,5/10/2018,7/28/2022
7173911338,665,4362926925,2,85,10/24/2003,7/22/2015,7/28/2022
6751324405,666,7697771519,2,8,7/6/2007,5/21/2017,7/28/2022
4793873324,667,7613146200,1,31,5/24/2002,10/7/2015,7/28/2022
8860640970,668,3639334280,2,21,10/12/2000,1/6/2022,7/28/2022
4865894888,669,792112350,2,51,3/28/2000,6/17/2013,7/28/2022
4413477219,670,3447325887,1,39,6/10/2003,2/23/2016,7/28/2022
4071426934,671,4983624996,2,13,3/14/2005,1/13/2017,7/28/2022
8649221564,672,2412002150,2,30,5/19/2007,12/2/2017,7/28/2022
6122047384,673,5951298369,0,37,5/15/2012,9/16/2018,7/28/2022
8102761091,674,7006162661,2,57,12/10/2003,4/26/2019,7/28/2022
6403217216,675,7632270515,0,56,6/18/2003,9/30/2019,7/28/2022
6726981783,676,8443312785,1,20,1/29/2007,6/5/2014,7/28/2022
5652698284,677,6549021979,2,94,4/17/2012,9/24/2020,7/28/2022
8961203835,678,6597128265,1,97,6/15/2005,6/8/2019,7/28/2022
3055207459,679,569099366,2,25,6/3/2006,1/27/2017,7/28/2022
521720591,680,9113306499,2,2,2/12/2008,2/9/2018,7/28/2022
6905205389,681,4915125149,2,4,5/30/2000,11/6/2018,7/28/2022
5831792110,682,1326584863,2,32,2/24/2002,1/4/2015,7/28/2022
2696097690,683,7974637579,0,81,5/8/2010,1/20/2022,7/28/2022
2113699729,684,9451424997,2,81,5/7/2012,5/15/2016,7/28/2022
2467794318,685,3197648161,2,89,4/10/2007,9/22/2021,7/28/2022
183208471,686,5791965516,0,59,7/12/2003,3/1/2014,7/28/2022
4500380132,687,4396331924,0,56,7/18/2001,10/29/2013,7/28/2022
4307927575,688,7928626357,0,48,11/23/2005,1/28/2015,7/28/2022
892403373,689,650883187,1,34,12/16/2009,9/10/2013,7/28/2022
8851480052,690,8825725299,0,25,2/16/2002,4/17/2016,7/28/2022
8243019421,691,9647903499,1,9,3/13/2009,10/31/2020,7/28/2022
5143156858,692,2810559910,1,75,3/3/2006,1/6/2015,7/28/2022
2330935021,693,1479262471,2,7,2/18/2006,1/6/2017,7/28/2022
4023072443,694,1073965724,0,15,10/20/2008,9/10/2019,7/28/2022
3477286057,695,5335440678,2,12,4/25/2009,8/10/2014,7/28/2022
851729630,696,4130745883,2,96,1/18/2003,5/20/2013,7/28/2022
4473551482,697,7460795003,1,63,9/4/2002,11/25/2018,7/28/2022
8992856261,698,3977025597,2,53,7/25/2011,1/7/2018,7/28/2022
5310136177,699,5258630706,2,99,6/5/2000,8/17/2014,7/28/2022
5487471444,700,5676192267,1,74,2/2/2000,9/27/2020,7/28/2022
9641508555,701,9846107986,1,61,7/7/2004,12/5/2018,7/28/2022
163113041,702,9847771162,0,38,11/14/2010,3/28/2019,7/28/2022
2323230700,703,1394954557,0,36,8/25/2006,7/9/2016,7/28/2022
540276871,704,3731217724,2,66,6/12/2005,11/13/2018,7/28/2022
6255752607,705,1104040387,2,45,7/1/2004,8/26/2013,7/28/2022
8135207646,706,9282109194,0,40,3/6/2009,2/13/2017,7/28/2022
7433873139,707,6931811347,0,60,7/8/2010,3/19/2021,7/28/2022
6242744635,708,3731402599,1,46,1/15/2003,3/20/2022,7/28/2022
3460939907,709,4469657700,2,3,10/28/2003,3/24/2017,7/28/2022
7242652251,710,4833551721,1,25,11/2/2005,3/7/2017,7/28/2022
8737703935,711,2919726676,1,25,2/26/2005,10/9/2017,7/28/2022
4757420390,712,3863449495,0,50,8/18/2012,5/25/2017,7/28/2022
3751697764,713,7498088444,2,1,5/20/2007,9/12/2017,7/28/2022
1646721187,714,1590063562,2,11,6/25/2007,7/20/2021,7/28/2022
2744774685,715,9717788944,0,40,2/2/2000,9/21/2021,7/28/2022
4362672281,716,5538291723,2,12,2/23/2004,8/11/2021,7/28/2022
1555960200,717,4110383110,1,30,1/24/2004,8/26/2015,7/28/2022
923431861,718,3150347955,0,95,8/2/2006,7/5/2020,7/28/2022
1255848251,719,3571668790,1,51,4/22/2009,7/3/2018,7/28/2022
3570242587,720,5322744460,1,72,1/20/2001,11/10/2015,7/28/2022
534318177,721,3321919001,0,85,9/8/2002,5/21/2021,7/28/2022
3820309616,722,1038028620,2,82,10/3/2008,6/10/2021,7/28/2022
5766956479,723,7725563946,0,63,4/4/2005,10/31/2020,7/28/2022
4379819698,724,8771773282,2,76,9/17/2012,9/1/2015,7/28/2022
9919264938,725,5369090823,1,80,1/5/2008,7/1/2020,7/28/2022
9788500579,726,5675765115,0,18,3/1/2003,2/9/2019,7/28/2022
7957199232,727,1422650081,2,95,4/16/2011,12/18/2021,7/28/2022
631124519,728,4885287332,2,75,3/16/2008,5/12/2014,7/28/2022
8760172452,729,8903369947,2,75,8/25/2006,11/5/2018,7/28/2022
9769166669,730,7051446436,0,28,7/26/2005,4/20/2014,7/28/2022
9758083023,731,9057255685,2,92,11/20/2007,2/9/2013,7/28/2022
4850043216,732,9304950252,0,84,3/6/2007,2/25/2015,7/28/2022
917376781,733,590982516,2,49,9/27/2004,4/9/2013,7/28/2022
7914342467,734,1328655709,1,45,4/6/2004,6/13/2015,7/28/2022
2487981717,735,8544832687,1,68,6/3/2002,7/25/2016,7/28/2022
1997508214,736,5183256128,0,20,2/12/2003,4/18/2018,7/28/2022
3348287901,737,1547735600,2,38,11/16/2003,5/15/2017,7/28/2022
1918905533,738,2917893699,2,16,11/9/2009,2/23/2014,7/28/2022
2035862981,739,8185397368,2,90,10/19/2009,7/4/2013,7/28/2022
5523542911,740,7253444655,1,14,7/2/2005,4/21/2020,7/28/2022
3286622974,741,8662173063,2,59,2/12/2005,8/21/2021,7/28/2022
1741992664,742,2428003739,1,64,6/10/2002,1/29/2019,7/28/2022
3728843431,743,3088829483,1,67,5/3/2011,11/30/2014,7/28/2022
598752390,744,2596560607,0,51,11/2/2001,7/25/2022,7/28/2022
117207136,745,6460930031,1,24,5/2/2005,8/20/2020,7/28/2022
3933134501,746,3708256514,2,37,6/8/2002,3/25/2022,7/28/2022
3720576272,747,1227990367,2,27,8/19/2000,11/2/2017,7/28/2022
3634524162,748,6652933535,2,57,3/3/2009,6/20/2015,7/28/2022
8143425088,749,3443666361,0,39,8/14/2006,4/1/2013,7/28/2022
4835346416,750,3020313694,1,40,11/16/2000,1/15/2018,7/28/2022
8152065269,751,6602585835,0,27,8/6/2000,10/15/2021,7/28/2022
4587551015,752,2328393446,0,38,1/17/2005,12/24/2021,7/28/2022
860205770,753,862992982,2,24,9/1/2007,11/30/2021,7/28/2022
8493290084,754,641206933,1,29,3/27/2004,8/9/2018,7/28/2022
2357306858,755,221385223,0,21,8/14/2003,7/31/2021,7/28/2022
440200415,756,1547185899,0,78,4/27/2007,4/2/2014,7/28/2022
3842203497,757,7583522412,2,21,12/18/2009,3/26/2022,7/28/2022
671556592,758,927438267,2,65,7/8/2004,12/4/2018,7/28/2022
509187978,759,8228407165,2,76,9/19/2005,1/11/2013,7/28/2022
9470927699,760,4455495770,2,27,6/21/2012,7/9/2020,7/28/2022
8120442369,761,5991353492,2,70,6/22/2002,9/28/2020,7/28/2022
7581797619,762,1889119059,1,99,3/7/2004,1/31/2018,7/28/2022
5838463821,763,6020427692,0,35,7/16/2008,3/5/2022,7/28/2022
9636268800,764,4447496607,1,86,10/20/2001,1/7/2015,7/28/2022
7797017948,765,4993587457,0,65,3/18/2008,3/7/2019,7/28/2022
438301404,766,5166808479,2,2,12/20/2007,5/31/2017,7/28/2022
5001070678,767,7281122152,0,58,12/13/2004,7/14/2014,7/28/2022
8554430999,768,5956645075,2,100,7/24/2008,4/2/2014,7/28/2022
2544572027,769,4038875393,0,93,3/30/2001,11/7/2015,7/28/2022
582553822,770,7612808420,0,53,5/22/2004,1/30/2022,7/28/2022
8857713466,771,862286336,0,20,11/24/2000,7/17/2020,7/28/2022
7854857555,772,5967298169,2,57,11/27/2011,6/16/2013,7/28/2022
9875662682,773,2259289630,0,75,12/8/2004,4/12/2018,7/28/2022
1749353628,774,2873225858,1,51,6/6/2000,5/3/2018,7/28/2022
8087649125,775,5156664652,1,1,9/16/2010,1/16/2019,7/28/2022
1514957213,776,6797635691,0,82,6/1/2011,7/21/2021,7/28/2022
4247484702,777,1663979820,0,96,9/25/2011,2/1/2015,7/28/2022
6369270857,778,9624925704,1,1,6/27/2004,10/16/2015,7/28/2022
8007783199,779,8806924702,1,88,7/14/2006,4/27/2018,7/28/2022
7389830115,780,194550982,1,18,7/24/2000,9/14/2017,7/28/2022
582431085,781,969009089,1,36,1/8/2003,6/27/2019,7/28/2022
3410012214,782,7691044232,0,14,3/9/2005,2/12/2017,7/28/2022
6562899249,783,7741903381,2,74,11/4/2011,5/4/2019,7/28/2022
8462669456,784,3047053073,0,32,4/26/2006,3/8/2021,7/28/2022
697554112,785,2434869068,2,27,3/30/2009,5/28/2015,7/28/2022
7930291774,786,4422729071,0,22,5/10/2006,2/23/2018,7/28/2022
6062311382,787,4848004969,1,30,4/10/2010,4/9/2018,7/28/2022
956623778,788,2380677727,0,93,8/4/2012,5/26/2022,7/28/2022
9202789347,789,3606376065,2,63,7/13/2009,6/16/2018,7/28/2022
1212176421,790,7424520695,0,89,3/23/2007,12/17/2016,7/28/2022
5790754368,791,1437591434,1,1,3/3/2005,5/13/2022,7/28/2022
144616017,792,5338424320,1,4,10/22/2000,2/19/2017,7/28/2022
9032054813,793,4088714210,2,99,8/10/2007,9/9/2019,7/28/2022
7963139815,794,7654473524,1,85,4/12/2006,11/25/2019,7/28/2022
1139860321,795,2649856130,2,66,2/11/2010,7/16/2020,7/28/2022
6430685888,796,6111334514,2,44,1/7/2002,5/28/2016,7/28/2022
5382023174,797,584248202,2,57,3/18/2001,7/2/2020,7/28/2022
9491698362,798,3991117320,2,11,12/29/2007,1/2/2019,7/28/2022
7761072930,799,674775384,1,81,11/17/2005,5/26/2016,7/28/2022
9200363520,800,748613536,0,45,5/12/2004,7/13/2018,7/28/2022
8305157040,801,9468248984,2,72,1/22/2000,5/1/2015,7/28/2022
1214761496,802,5704082335,1,38,8/30/2005,1/25/2020,7/28/2022
3484898240,803,8593893678,0,37,5/17/2002,1/30/2020,7/28/2022
1713760614,804,7267279112,2,3,7/25/2011,12/17/2018,7/28/2022
5010859319,805,4739288338,0,75,11/30/2005,5/4/2021,7/28/2022
8772080140,806,3219925227,2,98,10/12/2008,7/23/2020,7/28/2022
913105740,807,7962052937,0,63,12/8/2010,3/31/2022,7/28/2022
3508001776,808,8851334250,1,30,3/23/2012,12/30/2018,7/28/2022
6315071023,809,4875594585,0,52,2/14/2010,10/31/2015,7/28/2022
9858371810,810,215167546,2,6,9/7/2009,1/25/2017,7/28/2022
9028587217,811,9045823101,2,73,9/17/2004,3/6/2022,7/28/2022
6251414545,812,3178398961,0,3,2/23/2002,4/27/2013,7/28/2022
7420365318,813,5563005089,0,89,6/2/2002,7/7/2019,7/28/2022
7474363305,814,396839797,1,39,9/7/2003,3/16/2020,7/28/2022
3094866050,815,8721831599,0,1,3/31/2002,12/10/2014,7/28/2022
7033102623,816,1840048409,1,51,6/21/2005,12/9/2014,7/28/2022
2629899128,817,3742061259,0,15,7/13/2005,8/14/2013,7/28/2022
6079968398,818,6735079078,2,25,2/11/2006,2/10/2018,7/28/2022
6237476806,819,458669520,2,77,1/18/2002,8/7/2013,7/28/2022
1917395108,820,7427984307,0,99,7/1/2005,10/21/2018,7/28/2022
4488788939,821,3885327376,1,27,5/6/2008,5/15/2022,7/28/2022
1006331689,822,1056050284,1,48,8/25/2001,8/30/2015,7/28/2022
3587523703,823,3790733393,1,20,7/17/2002,9/27/2017,7/28/2022
6211018770,824,3139125925,2,48,9/18/2000,3/23/2021,7/28/2022
2558851969,825,2631304918,1,36,6/27/2010,11/30/2014,7/28/2022
6146504408,826,148056202,0,23,6/13/2005,8/4/2018,7/28/2022
801256356,827,3123276678,1,96,9/30/2008,10/24/2021,7/28/2022
4337828044,828,7659791532,1,8,12/29/2007,6/28/2017,7/28/2022
5584424064,829,4436575241,2,84,3/19/2005,10/13/2014,7/28/2022
3553245662,830,7363933480,0,50,10/28/2009,10/19/2015,7/28/2022
543322130,831,2607542790,0,26,1/15/2009,7/18/2018,7/28/2022
2277388106,832,4723051368,1,34,5/30/2008,5/13/2015,7/28/2022
9679223973,833,6755366722,0,16,6/13/2008,12/17/2013,7/28/2022
5917947651,834,9237651260,1,38,10/12/2012,7/21/2018,7/28/2022
6493373174,835,2611479569,1,42,12/5/2009,1/11/2016,7/28/2022
3898497097,836,5014803830,1,84,10/13/2007,11/18/2020,7/28/2022
6194999225,837,8801437145,2,35,6/14/2011,7/12/2022,7/28/2022
3156114502,838,919745318,1,77,3/11/2007,12/5/2020,7/28/2022
5613174121,839,2186741016,0,90,3/19/2011,11/29/2019,7/28/2022
1019326468,840,9366724140,1,76,1/16/2001,9/10/2021,7/28/2022
6542741658,841,8643631612,0,54,4/12/2002,11/7/2015,7/28/2022
6576432410,842,5391266173,1,83,8/30/2004,1/31/2019,7/28/2022
5590905079,843,871084716,1,7,11/26/2006,8/20/2014,7/28/2022
3819751734,844,292643748,0,64,8/17/2011,10/27/2020,7/28/2022
9630363100,845,3403622231,0,67,3/2/2007,3/1/2016,7/28/2022
3502057362,846,4588237624,1,51,6/6/2006,10/22/2013,7/28/2022
1846405580,847,4121840577,0,94,1/23/2005,5/29/2017,7/28/2022
3687900649,848,3199878199,2,31,9/3/2010,9/3/2014,7/28/2022
9770027316,849,5792858322,2,8,7/10/2009,6/4/2017,7/28/2022
1848488149,850,7170629178,0,67,8/3/2009,8/28/2014,7/28/2022
8430460020,851,9100145831,0,66,7/3/2003,7/28/2015,7/28/2022
4501191198,852,5657097599,1,77,9/6/2001,8/23/2013,7/28/2022
5663841687,853,4274412180,0,66,6/9/2008,8/22/2015,7/28/2022
2101113775,854,7485466720,0,32,4/10/2006,3/1/2017,7/28/2022
9236268595,855,9951620299,0,84,5/30/2006,8/27/2018,7/28/2022
1121128416,856,839885644,2,89,9/27/2011,3/12/2017,7/28/2022
512915180,857,9639824518,1,60,9/7/2001,6/4/2022,7/28/2022
962386162,858,5303693279,0,44,10/30/2004,9/24/2021,7/28/2022
5152656906,859,4810874397,1,67,3/18/2008,4/19/2018,7/28/2022
8612814375,860,4078710107,2,29,1/18/2009,2/26/2016,7/28/2022
8073504618,861,1417314915,2,88,1/23/2001,10/6/2020,7/28/2022
9303924924,862,3242150821,1,90,8/30/2011,2/14/2018,7/28/2022
1359430679,863,1584150173,2,57,1/4/2001,8/27/2019,7/28/2022
9297269079,864,1550323121,2,14,8/9/2000,10/19/2017,7/28/2022
970614217,865,1612993648,2,88,5/24/2005,10/6/2016,7/28/2022
9998552516,866,9137449141,2,28,6/29/2009,10/17/2020,7/28/2022
5670914155,867,3960213255,2,49,4/9/2003,4/27/2014,7/28/2022
5919039051,868,6513420458,1,59,3/2/2008,6/9/2019,7/28/2022
1788966945,869,8048093839,1,98,5/8/2005,9/24/2018,7/28/2022
8946810491,870,7900839054,1,18,12/22/2009,2/2/2020,7/28/2022
9398811294,871,3179879882,0,29,11/10/2000,8/21/2014,7/28/2022
4345329329,872,5560481793,1,14,5/27/2007,1/5/2021,7/28/2022
5269602725,873,371033292,1,85,1/13/2007,2/4/2015,7/28/2022
5430422940,874,7584484980,0,48,7/24/2010,9/8/2013,7/28/2022
5447497418,875,1389781836,1,27,3/14/2011,9/15/2021,7/28/2022
6193298576,876,8597601647,0,54,3/24/2001,12/18/2013,7/28/2022
4081776512,877,2810762481,2,71,1/29/2009,6/6/2020,7/28/2022
9913946840,878,7622107212,2,81,8/1/2004,11/11/2018,7/28/2022
4457355151,879,300755201,1,38,3/14/2004,11/25/2017,7/28/2022
9400741820,880,8533030916,1,64,5/7/2005,3/9/2013,7/28/2022
5994590924,881,796643180,1,40,1/26/2000,7/24/2013,7/28/2022
2825782009,882,7550421269,2,84,10/25/2006,7/5/2017,7/28/2022
1729236901,883,4191463217,0,100,2/28/2001,5/4/2020,7/28/2022
3940606510,884,5570889302,1,39,9/16/2004,5/16/2014,7/28/2022
6586922704,885,5860334559,1,3,10/26/2000,11/7/2019,7/28/2022
8978572448,886,5236670144,1,53,1/9/2004,6/27/2018,7/28/2022
272860867,887,110462297,2,36,7/3/2002,5/14/2014,7/28/2022
9759359464,888,2255281074,0,49,4/17/2004,2/25/2014,7/28/2022
8029890230,889,1346744424,2,41,3/5/2000,10/15/2018,7/28/2022
2049138555,890,4079521057,2,26,8/19/2001,3/14/2019,7/28/2022
4433883077,891,4971329579,1,93,11/30/2010,4/10/2015,7/28/2022
5570516158,892,2620503000,0,37,11/6/2004,5/4/2014,7/28/2022
2012156347,893,7973783504,0,77,5/26/2003,3/27/2019,7/28/2022
481400052,894,7679108501,0,11,12/5/2001,7/3/2022,7/28/2022
9602374071,895,5710558710,1,57,1/5/2008,5/9/2018,7/28/2022
8374473126,896,8814431795,2,55,9/27/2005,2/4/2018,7/28/2022
3636011111,897,6043085828,1,54,10/13/2007,8/30/2021,7/28/2022
8211672928,898,2857943784,0,76,8/12/2007,6/5/2014,7/28/2022
5442315230,899,8934054549,2,80,6/21/2001,2/9/2013,7/28/2022
5593752982,900,7078620763,1,59,7/12/2005,9/6/2019,7/28/2022
9609172377,901,6791310995,0,45,2/22/2012,8/24/2013,7/28/2022
8751225786,902,8738900831,1,25,7/21/2012,5/30/2015,7/28/2022
2845166885,903,9366289886,0,54,11/6/2001,12/3/2014,7/28/2022
6892296033,904,6201022945,2,23,9/21/2012,12/23/2019,7/28/2022
4319490592,905,5789652395,0,87,4/20/2000,10/27/2015,7/28/2022
6844383312,906,1044979186,0,75,10/11/2002,6/10/2019,7/28/2022
8522705577,907,9588460174,0,44,8/12/2002,1/14/2014,7/28/2022
8467147415,908,8968085528,2,95,4/27/2004,11/15/2019,7/28/2022
2438671793,909,1813811598,0,89,11/18/2008,6/28/2018,7/28/2022
7882963100,910,2653382261,1,56,12/18/2006,10/7/2018,7/28/2022
8369379931,911,3790640131,1,18,4/26/2012,11/12/2017,7/28/2022
4096108944,912,7879714421,1,41,3/3/2003,7/30/2013,7/28/2022
1479891169,913,8248001741,1,29,11/14/2010,10/10/2018,7/28/2022
8371621825,914,7088952785,1,35,1/11/2001,5/14/2014,7/28/2022
2968464094,915,344538702,1,47,9/30/2010,5/12/2021,7/28/2022
4663050077,916,2768803766,2,56,7/12/2011,12/25/2016,7/28/2022
2066071404,917,4427446620,0,58,6/21/2009,1/25/2017,7/28/2022
9351466221,918,6247379900,0,10,11/3/2001,2/2/2013,7/28/2022
8716953061,919,4312282811,1,83,11/20/2005,4/18/2015,7/28/2022
9424753578,920,2164991427,2,82,10/17/2004,8/10/2018,7/28/2022
69871094,921,7179598607,0,74,6/27/2005,3/3/2015,7/28/2022
1721555633,922,1489583718,1,39,7/1/2008,1/24/2013,7/28/2022
7914362344,923,8950459507,2,20,1/31/2000,1/1/2022,7/28/2022
9171861033,924,7072401768,2,25,5/3/2012,3/17/2013,7/28/2022
7976735799,925,4436165396,0,100,11/23/2010,6/28/2018,7/28/2022
5850266909,926,8851594775,2,48,8/13/2005,6/16/2013,7/28/2022
4786973068,927,2093054760,2,42,3/15/2005,6/5/2020,7/28/2022
8241687869,928,239364473,0,29,4/12/2009,10/24/2014,7/28/2022
8750298771,929,3872153234,2,13,3/18/2009,3/19/2017,7/28/2022
7850096088,930,3576156518,0,98,9/13/2010,8/1/2015,7/28/2022
6428393581,931,3593477068,0,70,1/31/2010,9/12/2020,7/28/2022
6871708367,932,7102245432,0,85,7/3/2010,2/9/2014,7/28/2022
9529752865,933,7350756615,0,80,11/5/2011,3/28/2020,7/28/2022
5866222825,934,4168705676,1,4,4/24/2008,2/6/2021,7/28/2022
9602808489,935,4141311456,0,19,12/8/2008,3/25/2021,7/28/2022
7177658807,936,5173580178,1,67,6/22/2005,8/10/2013,7/28/2022
6877399935,937,5806843114,1,73,8/16/2007,3/13/2015,7/28/2022
6226890835,938,9767400931,0,2,10/17/2006,7/13/2020,7/28/2022
5481185121,939,6786019021,2,30,10/10/2011,7/22/2022,7/28/2022
5234676560,940,6723541278,0,93,10/13/2008,8/19/2021,7/28/2022
6703275688,941,4396496923,0,59,3/16/2007,1/14/2022,7/28/2022
5940195776,942,7352782923,1,28,10/20/2005,1/16/2016,7/28/2022
3428888952,943,5531460627,2,33,12/19/2012,3/1/2016,7/28/2022
5819196902,944,2662583940,1,36,6/11/2007,7/25/2015,7/28/2022
1047735237,945,9198991248,2,79,8/5/2004,10/10/2013,7/28/2022
7476857119,946,5257851032,2,85,2/21/2005,3/22/2016,7/28/2022
7037959022,947,2777283192,0,8,10/7/2011,2/26/2013,7/28/2022
7181951823,948,2339717590,2,76,9/8/2006,11/20/2018,7/28/2022
8819699044,949,1340672383,1,6,9/10/2005,3/10/2019,7/28/2022
1731571305,950,7931973593,1,26,4/12/2006,9/7/2015,7/28/2022
2418934322,951,2893727816,0,95,7/23/2002,12/15/2017,7/28/2022
1914020456,952,9423303706,2,84,7/26/2003,12/30/2018,7/28/2022
4741992322,953,4887961324,1,27,11/17/2011,9/7/2020,7/28/2022
3760690580,954,973245964,2,87,11/30/2008,6/20/2016,7/28/2022
3041584395,955,9617180480,2,74,10/31/2001,2/24/2022,7/28/2022
8444335401,956,1595723676,0,28,8/14/2003,10/27/2017,7/28/2022
2665062836,957,4038328589,1,50,6/11/2002,1/12/2015,7/28/2022
3329924950,958,3486459848,2,65,5/25/2004,6/12/2016,7/28/2022
1957382619,959,9725664213,0,74,5/24/2007,5/11/2021,7/28/2022
4717891406,960,1176454145,0,41,12/25/2009,12/13/2021,7/28/2022
6467573609,961,4546503830,2,28,5/9/2010,2/10/2016,7/28/2022
7392364162,962,4674897475,2,23,9/5/2003,12/20/2019,7/28/2022
7020617573,963,2700336968,0,11,5/19/2008,3/18/2020,7/28/2022
1979261202,964,8778983541,0,58,6/27/2002,8/1/2020,7/28/2022
4820931725,965,9013553524,1,75,8/4/2012,11/30/2014,7/28/2022
4435546612,966,7379965050,0,69,1/2/2005,5/27/2019,7/28/2022
9727099548,967,8389200945,0,32,4/2/2005,2/15/2021,7/28/2022
8029352212,968,2804007995,1,28,5/20/2011,6/1/2017,7/28/2022
8451243274,969,6215680052,2,3,2/11/2010,12/28/2017,7/28/2022
4286546543,970,9308563628,2,66,3/14/2006,2/18/2021,7/28/2022
1151423076,971,1338420372,0,30,8/9/2012,9/30/2017,7/28/2022
7657641843,972,7123576748,0,91,5/14/2011,8/19/2017,7/28/2022
9144496273,973,102980535,0,34,11/8/2006,7/17/2018,7/28/2022
2261914415,974,4991964911,2,59,1/25/2010,6/13/2016,7/28/2022
7363497052,975,8292045066,1,92,6/12/2004,2/22/2013,7/28/2022
3999907649,976,5589529182,0,62,5/7/2002,8/10/2015,7/28/2022
1413928145,977,6855965334,0,90,7/11/2007,12/27/2016,7/28/2022
6808877823,978,7948185763,0,15,11/17/2010,7/7/2021,7/28/2022
7530634860,979,503362948,2,27,8/18/2002,7/23/2016,7/28/2022
7918846370,980,981042333,1,1,7/9/2002,6/15/2022,7/28/2022
1359125760,981,4693507032,1,9,7/25/2002,3/29/2020,7/28/2022
7340217568,982,5082488570,0,69,9/13/2011,4/17/2017,7/28/2022
5132826555,983,2169069186,0,48,5/22/2007,5/22/2020,7/28/2022
8334211430,984,4485852253,2,35,5/13/2005,4/8/2020,7/28/2022
5996955202,985,8994610294,0,100,12/17/2002,3/21/2022,7/28/2022
3501504713,986,9688551937,1,82,8/20/2011,8/6/2018,7/28/2022
6419570905,987,6048888961,2,72,1/2/2005,2/20/2022,7/28/2022
8094109548,988,4385363420,0,36,7/26/2008,8/9/2016,7/28/2022
8184172591,989,4941445430,1,88,5/24/2010,3/18/2016,7/28/2022
7099405802,990,8202756472,0,87,9/20/2008,12/6/2019,7/28/2022
2835204229,991,7233457638,1,16,2/21/2006,2/28/2020,7/28/2022
4045004106,992,95887318,2,98,5/29/2000,3/9/2013,7/28/2022
4105202596,993,773163735,2,50,6/8/2006,11/26/2015,7/28/2022
6817519020,994,725897732,1,55,9/16/2007,8/3/2015,7/28/2022
5557068775,995,8188756490,1,82,10/9/2000,3/24/2014,7/28/2022
9964798776,996,5141868907,2,67,8/1/2005,2/17/2020,7/28/2022
6007046842,997,7519952479,1,12,9/6/2011,3/17/2016,7/28/2022
5791496893,998,3457621276,0,37,4/5/2000,7/8/2019,7/28/2022
5702196767,999,4272638114,1,42,9/21/2001,3/31/2018,7/28/2022
6608065566,1000,2688794264,2,39,10/12/2002,12/18/2016,7/28/2022
